202 , Yorke , 88 , 15000 
495 , Willey , 220 , 15000 
376 , Vikky , 90 , 15000 
915 , Tyrone , 180 , 15000 
590 , Trumaine , 325 , 15000 
30 , Toby , 180 , 15000 
999 , Tamarra , 60 , 15000 
91 , Sully , 60 , 15000 
431 , Smitty , 220 , 15000 
381 , Silas , 90 , 15000 
841 , Shelley , 60 , 15000 
71 , Shaughn , 90 , 15000 
959 , Shaughn , 90 , 15000 
875 , Saw , 60 , 15000 
561 , Sasha , 88 , 15000 
565 , Rutherford , 90 , 15000 
570 , Retha , 220 , 15000 
937 , Randy , 120 , 15000 
453 , Portie , 220 , 15000 
111 , Petey , 120 , 15000 
503 , Patton , 60 , 15000 
121 , Patrizio , 60 , 15000 
163 , Pascale , 220 , 15000 
283 , Osbert , 325 , 15000 
896 , Oberon , 88 , 15000 
48 , Noella , 120 , 15000 
180 , Nial , 325 , 15000 
421 , Neila , 120 , 15000 
605 , Minda , 90 , 15000 
663 , Millie , 90 , 15000 
812 , Maxy , 60 , 15000 
96 , Martino , 75 , 15000 
899 , Martelle , 120 , 15000 
451 , Margalit , 75 , 15000 
607 , Lydia , 325 , 15000 
63 , Loy , 120 , 15000 
795 , Lorianna , 60 , 15000 
464 , Liana , 90 , 15000 
83 , Lesya , 90 , 15000 
238 , Leeanne , 120 , 15000 
782 , Laughton , 325 , 15000 
159 , Kipp , 90 , 15000 
423 , Keelby , 325 , 15000 
756 , Kaitlynn , 88 , 15000 
113 , Johnathon , 90 , 15000 
422 , Jennifer , 220 , 15000 
228 , Jeniece , 180 , 15000 
842 , Irv , 120 , 15000 
53 , Hyacinthie , 75 , 15000 
560 , Hesther , 88 , 15000 
973 , Guglielma , 120 , 15000 
624 , Giraud , 90 , 15000 
961 , Ginnie , 180 , 15000 
136 , Gideon , 180 , 15000 
383 , George , 325 , 15000 
542 , Gene , 90 , 15000 
895 , Frasquito , 90 , 15000 
31 , Franny , 325 , 15000 
126 , Fonzie , 325 , 15000 
957 , Floyd , 75 , 15000 
161 , Ferdie , 120 , 15000 
125 , Esteban , 88 , 15000 
278 , Emory , 220 , 15000 
489 , Dorothea , 75 , 15000 
755 , Dorian , 325 , 15000 
167 , Didi , 60 , 15000 
68 , Cristobal , 120 , 15000 
725 , Cristina , 90 , 15000 
576 , Corrina , 75 , 15000 
333 , Cornie , 75 , 15000 
949 , Clerissa , 120 , 15000 
469 , Chrisy , 60 , 15000 
945 , Cherice , 220 , 15000 
275 , Charmian , 60 , 15000 
834 , Chad , 75 , 15000 
741 , Carleton , 75 , 15000 
558 , Caren , 90 , 15000 
11 , Brandea , 180 , 15000 
331 , Booth , 88 , 15000 
21 , Bobbye , 180 , 15000 
67 , Blanch , 75 , 15000 
191 , Bethina , 75 , 15000 
609 , Bernita , 325 , 15000 
20 , Bellanca , 88 , 15000 
152 , Babbie , 120 , 15000 
557 , Babbie , 75 , 15000 
736 , Arvie , 325 , 15000 
146 , Armand , 60 , 15000 
572 , Antonella , 90 , 15000 
583 , Annabell , 180 , 15000 
10 , Aggie , 75 , 15000 
692 , Zorina , 75 , 18000 
942 , Vernen , 120 , 18000 
359 , Tully , 88 , 18000 
873 , Thomasa , 90 , 18000 
811 , Susi , 60 , 18000 
5 , Sheelagh , 220 , 18000 
298 , Sayre , 90 , 18000 
866 , Rubi , 60 , 18000 
637 , Rosalia , 60 , 18000 
544 , Prisca , 180 , 18000 
234 , Pietro , 75 , 18000 
124 , Pen , 60 , 18000 
743 , Pancho , 88 , 18000 
94 , My , 90 , 18000 
248 , Maynard , 120 , 18000 
995 , Maxi , 325 , 18000 
712 , Matelda , 120 , 18000 
547 , Marj , 120 , 18000 
543 , Margeaux , 220 , 18000 
189 , Maible , 75 , 18000 
629 , Mace , 88 , 18000 
168 , Lodovico , 60 , 18000 
448 , Lenora , 60 , 18000 
566 , Lemmie , 325 , 18000 
271 , Larina , 60 , 18000 
366 , Klarrisa , 180 , 18000 
946 , Kimberley , 325 , 18000 
695 , Justino , 220 , 18000 
880 , Josi , 120 , 18000 
343 , Johannes , 88 , 18000 
204 , Jillana , 180 , 18000 
559 , Jessamine , 325 , 18000 
9 , Jeanine , 325 , 18000 
885 , Jan , 90 , 18000 
396 , Iorgos , 90 , 18000 
778 , Ingmar , 75 , 18000 
599 , Howard , 88 , 18000 
585 , Horatius , 180 , 18000 
57 , Homer , 180 , 18000 
622 , Hestia , 180 , 18000 
747 , Graehme , 90 , 18000 
852 , Giacopo , 90 , 18000 
436 , Felicdad , 120 , 18000 
787 , Fayre , 120 , 18000 
319 , Fan , 90 , 18000 
732 , Enrica , 325 , 18000 
601 , Emmalee , 90 , 18000 
716 , Elita , 90 , 18000 
332 , Eden , 75 , 18000 
419 , Ed , 180 , 18000 
150 , Dot , 180 , 18000 
245 , Donal , 75 , 18000 
545 , Domini , 88 , 18000 
865 , Devonna , 60 , 18000 
541 , Deny , 180 , 18000 
932 , Debby , 180 , 18000 
213 , Darwin , 220 , 18000 
600 , Cornall , 75 , 18000 
141 , Coreen , 60 , 18000 
133 , Cordy , 120 , 18000 
902 , Coral , 120 , 18000 
203 , Cissiee , 180 , 18000 
539 , Christie , 88 , 18000 
444 , Chrissy , 180 , 18000 
990 , Chiarra , 325 , 18000 
767 , Brynne , 325 , 18000 
908 , Brittany , 180 , 18000 
173 , Brandon , 90 , 18000 
758 , Boycie , 88 , 18000 
768 , Blakeley , 325 , 18000 
512 , Bird , 75 , 18000 
844 , Bella , 88 , 18000 
774 , Barde , 88 , 18000 
437 , Any , 60 , 18000 
236 , Anastasia , 180 , 18000 
450 , Alexandr , 220 , 18000 
636 , Abigail , 90 , 18000 
926 , Abbie , 90 , 18000 
750 , Zsa zsa , 180 , 20000 
355 , Wilfred , 180 , 20000 
116 , Tracey , 75 , 20000 
766 , Toby , 88 , 20000 
315 , Timothea , 220 , 20000 
84 , Tatiania , 120 , 20000 
442 , Tam , 220 , 20000 
415 , Skylar , 325 , 20000 
409 , Sileas , 120 , 20000 
734 , Silas , 180 , 20000 
851 , Sidoney , 220 , 20000 
417 , Sibley , 60 , 20000 
269 , Shirl , 75 , 20000 
578 , Scarlett , 325 , 20000 
1000 , Saleem , 60 , 20000 
649 , Ruthy , 180 , 20000 
302 , Ron , 120 , 20000 
195 , Roderigo , 88 , 20000 
446 , Rina , 325 , 20000 
335 , Rand , 88 , 20000 
471 , Ramsay , 90 , 20000 
123 , Pippa , 325 , 20000 
611 , Pearla , 220 , 20000 
445 , Ozzie , 120 , 20000 
196 , Otho , 90 , 20000 
912 , Oren , 120 , 20000 
263 , Orelee , 90 , 20000 
832 , Olivier , 325 , 20000 
921 , Odie , 90 , 20000 
201 , Odey , 60 , 20000 
828 , Norbert , 90 , 20000 
327 , Nerty , 220 , 20000 
365 , Neely , 120 , 20000 
426 , Minnnie , 180 , 20000 
929 , Melody , 60 , 20000 
62 , Marysa , 75 , 20000 
462 , Marsiella , 120 , 20000 
511 , Markos , 60 , 20000 
350 , Maiga , 120 , 20000 
460 , Mac , 325 , 20000 
179 , Lynea , 90 , 20000 
506 , Lothaire , 60 , 20000 
395 , Livy , 60 , 20000 
706 , Lia , 120 , 20000 
484 , Kym , 120 , 20000 
280 , Koenraad , 180 , 20000 
737 , Keith , 180 , 20000 
668 , Katina , 180 , 20000 
252 , Karlotte , 88 , 20000 
459 , Karen , 60 , 20000 
364 , Junie , 90 , 20000 
632 , Josepha , 88 , 20000 
631 , Ivonne , 90 , 20000 
334 , Isak , 220 , 20000 
356 , Isabelle , 120 , 20000 
597 , Isabelle , 60 , 20000 
510 , Irena , 180 , 20000 
818 , Hyatt , 220 , 20000 
235 , Hiram , 88 , 20000 
528 , Helen-elizabeth , 220 , 20000 
351 , Heddi , 325 , 20000 
933 , Gui , 325 , 20000 
849 , Gibb , 180 , 20000 
981 , Genevieve , 180 , 20000 
385 , Gayel , 90 , 20000 
440 , Garold , 60 , 20000 
614 , Fredia , 60 , 20000 
338 , Filbert , 325 , 20000 
923 , Ezekiel , 75 , 20000 
519 , Ethe , 325 , 20000 
874 , Estella , 325 , 20000 
810 , Efrem , 325 , 20000 
270 , Edlin , 88 , 20000 
525 , Edan , 88 , 20000 
135 , Dunstan , 325 , 20000 
145 , Dianna , 90 , 20000 
955 , Delila , 325 , 20000 
61 , Deeyn , 88 , 20000 
443 , Davon , 220 , 20000 
529 , Daveta , 180 , 20000 
914 , Curry , 88 , 20000 
829 , Conan , 180 , 20000 
537 , Ced , 90 , 20000 
478 , Brooke , 88 , 20000 
14 , Bronnie , 60 , 20000 
602 , Brian , 180 , 20000 
3 , Brade , 325 , 20000 
408 , Benson , 120 , 20000 
693 , Baxy , 120 , 20000 
770 , Barbey , 325 , 20000 
403 , Bar , 88 , 20000 
893 , Annamarie , 120 , 20000 
86 , Angie , 90 , 20000 
827 , Angeli , 90 , 20000 
197 , Alasteir , 120 , 20000 
418 , Addia , 75 , 20000 
246 , Adam , 220 , 20000 
193 , Zolly , 88 , 25000 
255 , Yuri , 75 , 25000 
826 , Yetta , 120 , 25000 
321 , Wilona , 90 , 25000 
665 , Wheeler , 60 , 25000 
500 , Warren , 220 , 25000 
989 , Wandie , 60 , 25000 
951 , Wake , 220 , 25000 
634 , Viva , 88 , 25000 
514 , Vincents , 90 , 25000 
593 , Vic , 220 , 25000 
2 , Ulrike , 180 , 25000 
780 , Tootsie , 88 , 25000 
467 , Svend , 60 , 25000 
579 , Shel , 120 , 25000 
388 , Shauna , 120 , 25000 
540 , Saunders , 325 , 25000 
77 , Sacha , 90 , 25000 
713 , Roslyn , 120 , 25000 
487 , Rorie , 220 , 25000 
79 , Roland , 180 , 25000 
38 , Roda , 90 , 25000 
882 , Rina , 75 , 25000 
400 , Prince , 60 , 25000 
861 , Pietrek , 325 , 25000 
618 , Orson , 180 , 25000 
924 , Orlan , 60 , 25000 
253 , Norene , 220 , 25000 
384 , Nonnah , 120 , 25000 
941 , Nina , 120 , 25000 
375 , Nanni , 180 , 25000 
220 , Mozes , 220 , 25000 
78 , Morse , 180 , 25000 
638 , Merissa , 60 , 25000 
947 , Martyn , 180 , 25000 
644 , Malachi , 60 , 25000 
628 , Maddy , 60 , 25000 
655 , Maddy , 88 , 25000 
877 , Mac , 60 , 25000 
548 , Mab , 120 , 25000 
762 , Lucienne , 75 , 25000 
182 , Loutitia , 88 , 25000 
943 , Loria , 180 , 25000 
120 , Lorettalorna , 220 , 25000 
854 , Levon , 120 , 25000 
149 , Lena , 325 , 25000 
439 , Leelah , 325 , 25000 
881 , Kenna , 120 , 25000 
82 , Kendre , 180 , 25000 
468 , Kendell , 90 , 25000 
836 , Keene , 60 , 25000 
72 , Katrine , 90 , 25000 
888 , Katlin , 88 , 25000 
26 , Karim , 75 , 25000 
504 , Karie , 75 , 25000 
735 , Kaia , 180 , 25000 
608 , Joshia , 220 , 25000 
143 , Jenna , 60 , 25000 
998 , Jaye , 75 , 25000 
683 , Jaquenette , 60 , 25000 
717 , Hyacinthia , 90 , 25000 
377 , Hussein , 325 , 25000 
290 , Gordon , 60 , 25000 
394 , Gaelan , 90 , 25000 
805 , Fred , 88 , 25000 
789 , Florella , 220 , 25000 
986 , Ferd , 88 , 25000 
282 , Edie , 325 , 25000 
567 , Dur , 220 , 25000 
289 , Dulcea , 75 , 25000 
170 , Devi , 60 , 25000 
103 , Desiri , 120 , 25000 
533 , Dennison , 325 , 25000 
517 , Danya , 180 , 25000 
49 , Dagmar , 88 , 25000 
817 , Cynthia , 88 , 25000 
74 , Cristie , 90 , 25000 
429 , Coleman , 90 , 25000 
243 , Brigham , 180 , 25000 
43 , Bradney , 88 , 25000 
25 , Braden , 180 , 25000 
669 , Beverlee , 60 , 25000 
154 , Bertine , 60 , 25000 
479 , Benita , 90 , 25000 
703 , Alverta , 90 , 25000 
948 , Agustin , 75 , 25000 
267 , Abbie , 75 , 25000 
128 , Zacharie , 75 , 30000 
685 , Yul , 60 , 30000 
404 , Willa , 325 , 30000 
775 , Wilie , 90 , 30000 
978 , Warner , 90 , 30000 
176 , Wanids , 325 , 30000 
190 , Waldon , 90 , 30000 
840 , Wadsworth , 325 , 30000 
586 , Umeko , 220 , 30000 
226 , Trula , 88 , 30000 
112 , Tersina , 75 , 30000 
142 , Tanya , 88 , 30000 
258 , Sydelle , 220 , 30000 
183 , Ruthe , 325 , 30000 
697 , Robbie , 120 , 30000 
47 , Raine , 180 , 30000 
174 , Prentiss , 60 , 30000 
704 , Pauly , 120 , 30000 
19 , Park , 120 , 30000 
287 , Ofelia , 120 , 30000 
339 , Nona , 75 , 30000 
790 , Noll , 120 , 30000 
710 , Nikolaus , 88 , 30000 
214 , Nicolina , 90 , 30000 
494 , Mirilla , 180 , 30000 
211 , Marcile , 120 , 30000 
185 , Marcellus , 180 , 30000 
205 , Mallorie , 88 , 30000 
884 , Lona , 220 , 30000 
337 , Lira , 60 , 30000 
122 , Linda , 88 , 30000 
617 , Kirk , 180 , 30000 
898 , Ki , 220 , 30000 
940 , Josefina , 90 , 30000 
286 , Jodi , 90 , 30000 
80 , Jesselyn , 180 , 30000 
249 , Jessee , 90 , 30000 
251 , Jenna , 180 , 30000 
98 , Jacquelin , 120 , 30000 
370 , Ingrim , 120 , 30000 
650 , Hugo , 60 , 30000 
360 , Honor , 120 , 30000 
455 , Hilly , 325 , 30000 
616 , Hetti , 75 , 30000 
974 , Herrick , 75 , 30000 
8 , Henrieta , 90 , 30000 
856 , Henrieta , 180 , 30000 
928 , Hayden , 180 , 30000 
89 , Guenevere , 90 , 30000 
88 , George , 60 , 30000 
6 , Gayle , 120 , 30000 
501 , Gabi , 220 , 30000 
497 , Fredia , 220 , 30000 
411 , Frayda , 60 , 30000 
380 , Fran , 220 , 30000 
680 , Flore , 75 , 30000 
612 , Fidole , 75 , 30000 
867 , Emmanuel , 220 , 30000 
808 , Emanuel , 75 , 30000 
398 , Easter , 88 , 30000 
804 , Earle , 90 , 30000 
596 , Dylan , 120 , 30000 
110 , Dominick , 75 , 30000 
132 , Dante , 60 , 30000 
301 , Cos , 75 , 30000 
652 , Cesaro , 325 , 30000 
164 , Cathrin , 120 , 30000 
41 , Brnaba , 180 , 30000 
886 , Bailey , 88 , 30000 
412 , Babita , 90 , 30000 
670 , Arlette , 220 , 30000 
266 , Arel , 88 , 30000 
232 , Alla , 88 , 30000 
200 , Alana , 220 , 30000 
227 , Adel , 180 , 30000 
224 , Zonda , 325 , 33000 
991 , Zaccaria , 88 , 33000 
640 , Wolfy , 120 , 33000 
392 , Vikki , 88 , 33000 
855 , Vassili , 120 , 33000 
401 , Vail , 120 , 33000 
131 , Tom , 75 , 33000 
581 , Tiphani , 220 , 33000 
701 , Tedra , 90 , 33000 
65 , Star , 90 , 33000 
165 , Sib , 60 , 33000 
70 , Sayre , 180 , 33000 
610 , Sayre , 90 , 33000 
330 , Rosemarie , 220 , 33000 
819 , Roch , 220 , 33000 
307 , Renie , 90 , 33000 
771 , Portia , 60 , 33000 
871 , Phelia , 60 , 33000 
984 , Pebrook , 60 , 33000 
870 , Pearla , 220 , 33000 
698 , Paddie , 90 , 33000 
729 , Osbert , 75 , 33000 
76 , Nananne , 120 , 33000 
568 , Modesta , 120 , 33000 
748 , Mitchael , 90 , 33000 
492 , Minny , 90 , 33000 
744 , Melonie , 90 , 33000 
340 , Melloney , 325 , 33000 
328 , Matias , 60 , 33000 
477 , Mariele , 60 , 33000 
784 , Marianne , 60 , 33000 
207 , Maddie , 60 , 33000 
230 , Liana , 60 , 33000 
674 , Lamont , 220 , 33000 
954 , Laetitia , 90 , 33000 
454 , Korella , 325 , 33000 
7 , Kimberlee , 60 , 33000 
219 , Kaile , 325 , 33000 
54 , Julina , 120 , 33000 
493 , Joshia , 75 , 33000 
425 , Jordan , 90 , 33000 
23 , Johnny , 325 , 33000 
299 , Jody , 180 , 33000 
792 , Jermayne , 75 , 33000 
765 , Jenny , 180 , 33000 
348 , Jefferey , 220 , 33000 
675 , Immanuel , 75 , 33000 
589 , Hesther , 180 , 33000 
796 , Hersh , 180 , 33000 
793 , Grayce , 325 , 33000 
843 , Grant , 220 , 33000 
104 , Geneva , 90 , 33000 
761 , Galvan , 120 , 33000 
535 , Frans , 88 , 33000 
144 , Flora , 90 , 33000 
781 , Felike , 75 , 33000 
985 , Erna , 325 , 33000 
696 , Erhard , 75 , 33000 
642 , Elinor , 60 , 33000 
28 , Doro , 120 , 33000 
66 , Dominica , 120 , 33000 
797 , Diahann , 88 , 33000 
552 , Delmore , 180 , 33000 
606 , Dedie , 88 , 33000 
594 , Cyndia , 88 , 33000 
304 , Coleman , 220 , 33000 
368 , Clywd , 220 , 33000 
555 , Clarice , 180 , 33000 
424 , Chuck , 325 , 33000 
117 , Cherrita , 180 , 33000 
397 , Charil , 88 , 33000 
731 , Cassandry , 60 , 33000 
569 , Carter , 88 , 33000 
936 , Carolina , 88 , 33000 
571 , Carma , 220 , 33000 
427 , Carine , 180 , 33000 
883 , Callida , 88 , 33000 
534 , Bunnie , 120 , 33000 
56 , Bernardine , 75 , 33000 
486 , Bartholomew , 120 , 33000 
221 , Aylmer , 325 , 33000 
910 , Atlante , 120 , 33000 
976 , Arlina , 325 , 33000 
963 , Arley , 120 , 33000 
752 , Arch , 180 , 33000 
405 , Amerigo , 88 , 33000 
382 , Alister , 90 , 33000 
225 , Adriano , 220 , 33000 
172 , Addy , 325 , 33000 
324 , Ad , 90 , 33000 
700 , Abbot , 90 , 33000 
